id,username,gender,avgsales,repeated,tenure
1,James Cutney,male,200,TRUE,3.2
2,John Smith,male,300,FALSE,4.3
3,Susan Sanderson,female,200,FALSE,1.3
4,Bree Landy,female,NA,FALSE,0.1
5,James Cutney,male,200,TRUE,3.2
6,John Smith,male,300,FALSE,4.3
7,James Cutney,male,200,TRUE,3.2
8,John Smith,male,300,FALSE,4.3
9,Susan Sanderson,female,200,FALSE,1.3
10,Bree Landy,female,NA,FALSE,0.1
11,James Cutney,male,200,TRUE,3.2
12,John Smith,male,300,FALSE,4.3
13,Susan Sanderson,female,200,FALSE,1.3
14,Bree Landy,female,NA,FALSE,0.1
15,James Cutney,male,200,TRUE,3.2
16,John Smith,male,300,FALSE,4.3
17,Susan Sanderson,female,200,FALSE,1.3
18,Bree Landy,female,NA,FALSE,0.1
19,James Cutney,male,200,TRUE,3.2
20,John Smith,male,300,FALSE,4.3
21,Susan Sanderson,female,200,FALSE,1.3
22,Bree Landy,female,NA,FALSE,0.1
23,James Cutney,male,200,TRUE,3.2
24,John Smith,male,300,FALSE,4.3
25,Susan Sanderson,female,200,FALSE,1.3
26,Bree Landy,female,NA,FALSE,0.1
27,James Cutney,male,200,TRUE,3.2
28,John Smith,male,300,FALSE,4.3
29,Susan Sanderson,female,200,FALSE,1.3
30,Bree Landy,female,NA,FALSE,0.1
31,James Cutney,male,200,TRUE,3.2
32,John Smith,male,300,FALSE,4.3
33,Susan Sanderson,female,200,FALSE,1.3
34,Bree Landy,female,NA,FALSE,0.1
35,James Cutney,male,200,TRUE,3.2
36,John Smith,male,300,FALSE,4.3
37,Susan Sanderson,female,200,FALSE,1.3
38,Bree Landy,female,NA,FALSE,0.1
39,James Cutney,male,200,TRUE,3.2
40,John Smith,male,300,FALSE,4.3
41,Susan Sanderson,female,200,FALSE,1.3
42,Bree Landy,female,NA,FALSE,0.1
43,James Cutney,male,200,TRUE,3.2
44,John Smith,male,300,FALSE,4.3
45,Susan Sanderson,female,200,FALSE,1.3
46,Bree Landy,female,NA,FALSE,0.1
47,James Cutney,male,200,TRUE,3.2
48,John Smith,male,300,FALSE,4.3
49,Susan Sanderson,female,200,FALSE,1.3
50,Bree Landy,female,NA,FALSE,0.1
51,James Cutney,male,200,TRUE,3.2
52,John Smith,male,300,FALSE,4.3
53,Susan Sanderson,female,200,FALSE,1.3
54,Bree Landy,female,NA,FALSE,0.1
55,James Cutney,male,200,TRUE,3.2
56,John Smith,male,300,FALSE,4.3
57,Susan Sanderson,female,200,FALSE,1.3
58,Bree Landy,female,NA,FALSE,0.1
59,James Cutney,male,200,TRUE,3.2
60,John Smith,male,300,FALSE,4.3
61,Susan Sanderson,female,200,FALSE,1.3
62,Bree Landy,female,NA,FALSE,0.1
63,James Cutney,male,200,TRUE,3.2
64,John Smith,male,300,FALSE,4.3
65,Susan Sanderson,female,200,FALSE,1.3
66,Bree Landy,female,NA,FALSE,0.1
67,James Cutney,male,200,TRUE,3.2
68,John Smith,male,300,FALSE,4.3
69,Susan Sanderson,female,200,FALSE,1.3
70,Bree Landy,female,NA,FALSE,0.1
71,James Cutney,male,200,TRUE,3.2
72,John Smith,male,300,FALSE,4.3
73,Susan Sanderson,female,200,FALSE,1.3
74,Bree Landy,female,NA,FALSE,0.1
75,James Cutney,male,200,TRUE,3.2
76,John Smith,male,300,FALSE,4.3
77,Susan Sanderson,female,200,FALSE,1.3
78,Bree Landy,female,NA,FALSE,0.1
79,James Cutney,male,200,TRUE,3.2
80,John Smith,male,300,FALSE,4.3
81,Susan Sanderson,female,200,FALSE,1.3
82,Bree Landy,female,NA,FALSE,0.1
83,James Cutney,male,200,TRUE,3.2
84,John Smith,male,300,FALSE,4.3
85,Susan Sanderson,female,200,FALSE,1.3
86,Bree Landy,female,NA,FALSE,0.1
87,James Cutney,male,200,TRUE,3.2
88,John Smith,male,300,FALSE,4.3
89,Susan Sanderson,female,200,FALSE,1.3
90,Bree Landy,female,NA,FALSE,0.1
91,James Cutney,male,200,TRUE,3.2
92,John Smith,male,300,FALSE,4.3
93,Susan Sanderson,female,200,FALSE,1.3
94,Bree Landy,female,NA,FALSE,0.1
95,James Cutney,male,200,TRUE,3.2
96,John Smith,male,300,FALSE,4.3
97,Susan Sanderson,female,200,FALSE,1.3
98,Bree Landy,female,NA,FALSE,0.1
99,James Cutney,male,200,TRUE,3.2
100,John Smith,male,300,FALSE,4.3
101,Susan Sanderson,female,200,FALSE,1.3
102,Bree Landy,female,NA,FALSE,0.1
103,James Cutney,male,200,TRUE,3.2
104,John Smith,male,300,FALSE,4.3
105,Susan Sanderson,female,200,FALSE,1.3
106,Bree Landy,female,NA,FALSE,0.1
107,James Cutney,male,200,TRUE,3.2
108,John Smith,male,300,FALSE,4.3
109,Susan Sanderson,female,200,FALSE,1.3
110,Bree Landy,female,NA,FALSE,0.1
111,James Cutney,male,200,TRUE,3.2
112,John Smith,male,300,FALSE,4.3
113,Susan Sanderson,female,200,FALSE,1.3
114,Bree Landy,female,NA,FALSE,0.1
115,James Cutney,male,200,TRUE,3.2
116,John Smith,male,300,FALSE,4.3
117,Susan Sanderson,female,200,FALSE,1.3
118,Bree Landy,female,NA,FALSE,0.1
119,James Cutney,male,200,TRUE,3.2
120,John Smith,male,300,FALSE,4.3
121,Susan Sanderson,female,200,FALSE,1.3
122,Bree Landy,female,NA,FALSE,0.1
123,James Cutney,male,200,TRUE,3.2
124,John Smith,male,300,FALSE,4.3
125,Susan Sanderson,female,200,FALSE,1.3
126,Bree Landy,female,NA,FALSE,0.1
127,James Cutney,male,200,TRUE,3.2
128,John Smith,male,300,FALSE,4.3
129,Susan Sanderson,female,200,FALSE,1.3
130,Bree Landy,female,NA,FALSE,0.1
131,James Cutney,male,200,TRUE,3.2
132,John Smith,male,300,FALSE,4.3
133,Susan Sanderson,female,200,FALSE,1.3
134,Bree Landy,female,NA,FALSE,0.1
135,James Cutney,male,200,TRUE,3.2
136,John Smith,male,300,FALSE,4.3
137,Susan Sanderson,female,200,FALSE,1.3
138,Bree Landy,female,NA,FALSE,0.1
139,James Cutney,male,200,TRUE,3.2
140,John Smith,male,300,FALSE,4.3
141,Susan Sanderson,female,200,FALSE,1.3
142,Bree Landy,female,NA,FALSE,0.1
143,James Cutney,male,200,TRUE,3.2
144,John Smith,male,300,FALSE,4.3
145,Susan Sanderson,female,200,FALSE,1.3
146,Bree Landy,female,NA,FALSE,0.1
147,James Cutney,male,200,TRUE,3.2
148,John Smith,male,300,FALSE,4.3
149,Susan Sanderson,female,200,FALSE,1.3
150,Bree Landy,female,NA,FALSE,0.1
151,James Cutney,male,200,TRUE,3.2
152,John Smith,male,300,FALSE,4.3
153,Susan Sanderson,female,200,FALSE,1.3
154,Bree Landy,female,NA,FALSE,0.1
155,James Cutney,male,200,TRUE,3.2
156,John Smith,male,300,FALSE,4.3
157,Susan Sanderson,female,200,FALSE,1.3
158,Bree Landy,female,NA,FALSE,0.1
159,James Cutney,male,200,TRUE,3.2
160,John Smith,male,300,FALSE,4.3
161,Susan Sanderson,female,200,FALSE,1.3
162,Bree Landy,female,NA,FALSE,0.1
163,James Cutney,male,200,TRUE,3.2
164,John Smith,male,300,FALSE,4.3
165,Susan Sanderson,female,200,FALSE,1.3
166,Bree Landy,female,NA,FALSE,0.1
167,James Cutney,male,200,TRUE,3.2
168,John Smith,male,300,FALSE,4.3
169,Susan Sanderson,female,200,FALSE,1.3
170,Bree Landy,female,NA,FALSE,0.1
171,James Cutney,male,200,TRUE,3.2
172,John Smith,male,300,FALSE,4.3
173,Susan Sanderson,female,200,FALSE,1.3
174,Bree Landy,female,NA,FALSE,0.1
175,James Cutney,male,200,TRUE,3.2
176,John Smith,male,300,FALSE,4.3
177,Susan Sanderson,female,200,FALSE,1.3
178,Bree Landy,female,NA,FALSE,0.1
179,James Cutney,male,200,TRUE,3.2
180,John Smith,male,300,FALSE,4.3
181,Susan Sanderson,female,200,FALSE,1.3
182,Bree Landy,female,NA,FALSE,0.1
183,James Cutney,male,200,TRUE,3.2
184,John Smith,male,300,FALSE,4.3
185,Susan Sanderson,female,200,FALSE,1.3
186,Bree Landy,female,NA,FALSE,0.1
187,James Cutney,male,200,TRUE,3.2
188,John Smith,male,300,FALSE,4.3
189,Susan Sanderson,female,200,FALSE,1.3
190,Bree Landy,female,NA,FALSE,0.1
191,James Cutney,male,200,TRUE,3.2
192,John Smith,male,300,FALSE,4.3
193,Susan Sanderson,female,200,FALSE,1.3
194,Bree Landy,female,NA,FALSE,0.1
195,James Cutney,male,200,TRUE,3.2
196,John Smith,male,300,FALSE,4.3
197,Susan Sanderson,female,200,FALSE,1.3
198,Bree Landy,female,NA,FALSE,0.1
199,James Cutney,male,200,TRUE,3.2
200,John Smith,male,300,FALSE,4.3
201,Susan Sanderson,female,200,FALSE,1.3
202,Bree Landy,female,NA,FALSE,0.1
203,James Cutney,male,200,TRUE,3.2
204,John Smith,male,300,FALSE,4.3
205,Susan Sanderson,female,200,FALSE,1.3
206,Bree Landy,female,NA,FALSE,0.1
207,James Cutney,male,200,TRUE,3.2
208,John Smith,male,300,FALSE,4.3
209,Susan Sanderson,female,200,FALSE,1.3
210,Bree Landy,female,NA,FALSE,0.1
211,James Cutney,male,200,TRUE,3.2
212,John Smith,male,300,FALSE,4.3
213,Susan Sanderson,female,200,FALSE,1.3
214,Bree Landy,female,NA,FALSE,0.1
215,James Cutney,male,200,TRUE,3.2
216,John Smith,male,300,FALSE,4.3
217,Susan Sanderson,female,200,FALSE,1.3
218,Bree Landy,female,NA,FALSE,0.1
219,James Cutney,male,200,TRUE,3.2
220,John Smith,male,300,FALSE,4.3
221,Susan Sanderson,female,200,FALSE,1.3
222,Bree Landy,female,NA,FALSE,0.1
223,James Cutney,male,200,TRUE,3.2
224,John Smith,male,300,FALSE,4.3
225,Susan Sanderson,female,200,FALSE,1.3
226,Bree Landy,female,NA,FALSE,0.1
227,James Cutney,male,200,TRUE,3.2
228,John Smith,male,300,FALSE,4.3
229,Susan Sanderson,female,200,FALSE,1.3
230,Bree Landy,female,NA,FALSE,0.1
231,James Cutney,male,200,TRUE,3.2
232,John Smith,male,300,FALSE,4.3
233,Susan Sanderson,female,200,FALSE,1.3
234,Bree Landy,female,NA,FALSE,0.1
235,James Cutney,male,200,TRUE,3.2
236,John Smith,male,300,FALSE,4.3
237,Susan Sanderson,female,200,FALSE,1.3
238,Bree Landy,female,NA,FALSE,0.1
239,James Cutney,male,200,TRUE,3.2
240,John Smith,male,300,FALSE,4.3
241,Susan Sanderson,female,200,FALSE,1.3
242,Bree Landy,female,NA,FALSE,0.1
243,James Cutney,male,200,TRUE,3.2
244,John Smith,male,300,FALSE,4.3
245,Susan Sanderson,female,200,FALSE,1.3
246,Bree Landy,female,NA,FALSE,0.1
247,James Cutney,male,200,TRUE,3.2
248,John Smith,male,300,FALSE,4.3
249,Susan Sanderson,female,200,FALSE,1.3
250,Bree Landy,female,NA,FALSE,0.1
251,James Cutney,male,200,TRUE,3.2
252,John Smith,male,300,FALSE,4.3
253,Susan Sanderson,female,200,FALSE,1.3
254,Bree Landy,female,NA,FALSE,0.1
255,James Cutney,male,200,TRUE,3.2
256,John Smith,male,300,FALSE,4.3
257,Susan Sanderson,female,200,FALSE,1.3
258,Bree Landy,female,NA,FALSE,0.1
259,James Cutney,male,200,TRUE,3.2
260,John Smith,male,300,FALSE,4.3
261,Susan Sanderson,female,200,FALSE,1.3
262,Bree Landy,female,NA,FALSE,0.1
263,James Cutney,male,200,TRUE,3.2
264,John Smith,male,300,FALSE,4.3
265,Susan Sanderson,female,200,FALSE,1.3
266,Bree Landy,female,NA,FALSE,0.1
267,James Cutney,male,200,TRUE,3.2
268,John Smith,male,300,FALSE,4.3
269,Susan Sanderson,female,200,FALSE,1.3
270,Bree Landy,female,NA,FALSE,0.1
271,James Cutney,male,200,TRUE,3.2
272,John Smith,male,300,FALSE,4.3
273,Susan Sanderson,female,200,FALSE,1.3
274,Bree Landy,female,NA,FALSE,0.1
275,James Cutney,male,200,TRUE,3.2
276,John Smith,male,300,FALSE,4.3
277,Susan Sanderson,female,200,FALSE,1.3
278,Bree Landy,female,NA,FALSE,0.1
279,James Cutney,male,200,TRUE,3.2
280,John Smith,male,300,FALSE,4.3
281,Susan Sanderson,female,200,FALSE,1.3
282,Bree Landy,female,NA,FALSE,0.1
283,James Cutney,male,200,TRUE,3.2
284,John Smith,male,300,FALSE,4.3
285,Susan Sanderson,female,200,FALSE,1.3
286,Bree Landy,female,NA,FALSE,0.1
287,James Cutney,male,200,TRUE,3.2
288,John Smith,male,300,FALSE,4.3
289,Susan Sanderson,female,200,FALSE,1.3
290,Bree Landy,female,NA,FALSE,0.1
291,James Cutney,male,200,TRUE,3.2
292,John Smith,male,300,FALSE,4.3
293,Susan Sanderson,female,200,FALSE,1.3
294,Bree Landy,female,NA,FALSE,0.1
295,James Cutney,male,200,TRUE,3.2
296,John Smith,male,300,FALSE,4.3
297,Susan Sanderson,female,200,FALSE,1.3
298,Bree Landy,female,NA,FALSE,0.1
299,James Cutney,male,200,TRUE,3.2
300,John Smith,male,300,FALSE,4.3
301,Susan Sanderson,female,200,FALSE,1.3
302,Bree Landy,female,NA,FALSE,0.1
303,James Cutney,male,200,TRUE,3.2
304,John Smith,male,300,FALSE,4.3
305,Susan Sanderson,female,200,FALSE,1.3
306,Bree Landy,female,NA,FALSE,0.1
307,James Cutney,male,200,TRUE,3.2
308,John Smith,male,300,FALSE,4.3
309,Susan Sanderson,female,200,FALSE,1.3
310,Bree Landy,female,NA,FALSE,0.1
311,James Cutney,male,200,TRUE,3.2
312,John Smith,male,300,FALSE,4.3
313,Susan Sanderson,female,200,FALSE,1.3
314,Bree Landy,female,NA,FALSE,0.1
315,James Cutney,male,200,TRUE,3.2
316,John Smith,male,300,FALSE,4.3
317,Susan Sanderson,female,200,FALSE,1.3
318,Bree Landy,female,NA,FALSE,0.1
319,James Cutney,male,200,TRUE,3.2
320,John Smith,male,300,FALSE,4.3
321,Susan Sanderson,female,200,FALSE,1.3
322,Bree Landy,female,NA,FALSE,0.1
323,James Cutney,male,200,TRUE,3.2
324,John Smith,male,300,FALSE,4.3
325,Susan Sanderson,female,200,FALSE,1.3
326,Bree Landy,female,NA,FALSE,0.1
327,James Cutney,male,200,TRUE,3.2
328,John Smith,male,300,FALSE,4.3
329,Susan Sanderson,female,200,FALSE,1.3
330,Bree Landy,female,NA,FALSE,0.1
331,James Cutney,male,200,TRUE,3.2
332,John Smith,male,300,FALSE,4.3
333,Susan Sanderson,female,200,FALSE,1.3
334,Bree Landy,female,NA,FALSE,0.1
335,James Cutney,male,200,TRUE,3.2
336,John Smith,male,300,FALSE,4.3
337,Susan Sanderson,female,200,FALSE,1.3
338,Bree Landy,female,NA,FALSE,0.1
339,James Cutney,male,200,TRUE,3.2
340,John Smith,male,300,FALSE,4.3
341,Susan Sanderson,female,200,FALSE,1.3
342,Bree Landy,female,NA,FALSE,0.1
343,James Cutney,male,200,TRUE,3.2
344,John Smith,male,300,FALSE,4.3
345,Susan Sanderson,female,200,FALSE,1.3
346,Bree Landy,female,NA,FALSE,0.1
347,James Cutney,male,200,TRUE,3.2
348,John Smith,male,300,FALSE,4.3
349,Susan Sanderson,female,200,FALSE,1.3
350,Bree Landy,female,NA,FALSE,0.1
351,James Cutney,male,200,TRUE,3.2
352,John Smith,male,300,FALSE,4.3
353,Susan Sanderson,female,200,FALSE,1.3
354,Bree Landy,female,NA,FALSE,0.1
355,James Cutney,male,200,TRUE,3.2
356,John Smith,male,300,FALSE,4.3
357,Susan Sanderson,female,200,FALSE,1.3
358,Bree Landy,female,NA,FALSE,0.1
359,James Cutney,male,200,TRUE,3.2
360,John Smith,male,300,FALSE,4.3
361,Susan Sanderson,female,200,FALSE,1.3
362,Bree Landy,female,NA,FALSE,0.1
363,James Cutney,male,200,TRUE,3.2
364,John Smith,male,300,FALSE,4.3
365,Susan Sanderson,female,200,FALSE,1.3
366,Bree Landy,female,NA,FALSE,0.1
367,James Cutney,male,200,TRUE,3.2
368,John Smith,male,300,FALSE,4.3
369,Susan Sanderson,female,200,FALSE,1.3
370,Bree Landy,female,NA,FALSE,0.1
371,James Cutney,male,200,TRUE,3.2
372,John Smith,male,300,FALSE,4.3
373,Susan Sanderson,female,200,FALSE,1.3
374,Bree Landy,female,NA,FALSE,0.1
375,James Cutney,male,200,TRUE,3.2
376,John Smith,male,300,FALSE,4.3
377,Susan Sanderson,female,200,FALSE,1.3
378,Bree Landy,female,NA,FALSE,0.1
379,James Cutney,male,200,TRUE,3.2
380,John Smith,male,300,FALSE,4.3
381,Susan Sanderson,female,200,FALSE,1.3
382,Bree Landy,female,NA,FALSE,0.1
383,James Cutney,male,200,TRUE,3.2
384,John Smith,male,300,FALSE,4.3
385,Susan Sanderson,female,200,FALSE,1.3
386,Bree Landy,female,NA,FALSE,0.1
387,James Cutney,male,200,TRUE,3.2
388,John Smith,male,300,FALSE,4.3
389,Susan Sanderson,female,200,FALSE,1.3
390,Bree Landy,female,NA,FALSE,0.1
391,James Cutney,male,200,TRUE,3.2
392,John Smith,male,300,FALSE,4.3
393,Susan Sanderson,female,200,FALSE,1.3
394,Bree Landy,female,NA,FALSE,0.1
395,James Cutney,male,200,TRUE,3.2
396,John Smith,male,300,FALSE,4.3
397,Susan Sanderson,female,200,FALSE,1.3
398,Bree Landy,female,NA,FALSE,0.1
399,James Cutney,male,200,TRUE,3.2
400,John Smith,male,300,FALSE,4.3
401,Susan Sanderson,female,200,FALSE,1.3
402,Bree Landy,female,NA,FALSE,0.1
403,James Cutney,male,200,TRUE,3.2
404,John Smith,male,300,FALSE,4.3
405,Susan Sanderson,female,200,FALSE,1.3
406,Bree Landy,female,NA,FALSE,0.1
407,James Cutney,male,200,TRUE,3.2
408,John Smith,male,300,FALSE,4.3
409,Susan Sanderson,female,200,FALSE,1.3
410,Bree Landy,female,NA,FALSE,0.1
411,James Cutney,male,200,TRUE,3.2
412,John Smith,male,300,FALSE,4.3
413,Susan Sanderson,female,200,FALSE,1.3
414,Bree Landy,female,NA,FALSE,0.1
415,James Cutney,male,200,TRUE,3.2
416,John Smith,male,300,FALSE,4.3
417,Susan Sanderson,female,200,FALSE,1.3
418,Bree Landy,female,NA,FALSE,0.1
419,James Cutney,male,200,TRUE,3.2
420,John Smith,male,300,FALSE,4.3
421,Susan Sanderson,female,200,FALSE,1.3
422,Bree Landy,female,NA,FALSE,0.1
423,James Cutney,male,200,TRUE,3.2
424,John Smith,male,300,FALSE,4.3
425,Susan Sanderson,female,200,FALSE,1.3
426,Bree Landy,female,NA,FALSE,0.1
427,James Cutney,male,200,TRUE,3.2
428,John Smith,male,300,FALSE,4.3
429,Susan Sanderson,female,200,FALSE,1.3
430,Bree Landy,female,NA,FALSE,0.1
431,James Cutney,male,200,TRUE,3.2
432,John Smith,male,300,FALSE,4.3
433,Susan Sanderson,female,200,FALSE,1.3
434,Bree Landy,female,NA,FALSE,0.1
435,James Cutney,male,200,TRUE,3.2
436,John Smith,male,300,FALSE,4.3
437,Susan Sanderson,female,200,FALSE,1.3
438,Bree Landy,female,NA,FALSE,0.1
439,James Cutney,male,200,TRUE,3.2
440,John Smith,male,300,FALSE,4.3
441,Susan Sanderson,female,200,FALSE,1.3
442,Bree Landy,female,NA,FALSE,0.1
443,James Cutney,male,200,TRUE,3.2
444,John Smith,male,300,FALSE,4.3
445,Susan Sanderson,female,200,FALSE,1.3
446,Bree Landy,female,NA,FALSE,0.1
447,James Cutney,male,200,TRUE,3.2
448,John Smith,male,300,FALSE,4.3
449,Susan Sanderson,female,200,FALSE,1.3
450,Bree Landy,female,NA,FALSE,0.1
451,James Cutney,male,200,TRUE,3.2
452,John Smith,male,300,FALSE,4.3
453,Susan Sanderson,female,200,FALSE,1.3
454,Bree Landy,female,NA,FALSE,0.1
455,James Cutney,male,200,TRUE,3.2
456,John Smith,male,300,FALSE,4.3
457,Susan Sanderson,female,200,FALSE,1.3
458,Bree Landy,female,NA,FALSE,0.1
459,James Cutney,male,200,TRUE,3.2
460,John Smith,male,300,FALSE,4.3
461,Susan Sanderson,female,200,FALSE,1.3
462,Bree Landy,female,NA,FALSE,0.1
463,James Cutney,male,200,TRUE,3.2
464,John Smith,male,300,FALSE,4.3
465,Susan Sanderson,female,200,FALSE,1.3
466,Bree Landy,female,NA,FALSE,0.1
467,James Cutney,male,200,TRUE,3.2
468,John Smith,male,300,FALSE,4.3
469,Susan Sanderson,female,200,FALSE,1.3
470,Bree Landy,female,NA,FALSE,0.1
471,James Cutney,male,200,TRUE,3.2
472,John Smith,male,300,FALSE,4.3
473,Susan Sanderson,female,200,FALSE,1.3
474,Bree Landy,female,NA,FALSE,0.1
475,James Cutney,male,200,TRUE,3.2
476,John Smith,male,300,FALSE,4.3
477,Susan Sanderson,female,200,FALSE,1.3
478,Bree Landy,female,NA,FALSE,0.1
479,James Cutney,male,200,TRUE,3.2
480,John Smith,male,300,FALSE,4.3
481,Susan Sanderson,female,200,FALSE,1.3
482,Bree Landy,female,NA,FALSE,0.1
483,James Cutney,male,200,TRUE,3.2
484,John Smith,male,300,FALSE,4.3
485,Susan Sanderson,female,200,FALSE,1.3
486,Bree Landy,female,NA,FALSE,0.1
487,James Cutney,male,200,TRUE,3.2
488,John Smith,male,300,FALSE,4.3
489,Susan Sanderson,female,200,FALSE,1.3
490,Bree Landy,female,NA,FALSE,0.1
491,James Cutney,male,200,TRUE,3.2
492,John Smith,male,300,FALSE,4.3
493,Susan Sanderson,female,200,FALSE,1.3
494,Bree Landy,female,NA,FALSE,0.1
495,James Cutney,male,200,TRUE,3.2
496,John Smith,male,300,FALSE,4.3
497,Susan Sanderson,female,200,FALSE,1.3
498,Bree Landy,female,NA,FALSE,0.1
499,James Cutney,male,200,TRUE,3.2
500,John Smith,male,300,FALSE,4.3
501,Susan Sanderson,female,200,FALSE,1.3
502,Bree Landy,female,NA,FALSE,0.1
503,James Cutney,male,200,TRUE,3.2
504,John Smith,male,300,FALSE,4.3
505,Susan Sanderson,female,200,FALSE,1.3
506,Bree Landy,female,NA,FALSE,0.1
507,James Cutney,male,200,TRUE,3.2
508,John Smith,male,300,FALSE,4.3
509,Susan Sanderson,female,200,FALSE,1.3
510,Bree Landy,female,NA,FALSE,0.1
511,James Cutney,male,200,TRUE,3.2
512,John Smith,male,300,FALSE,4.3
513,Susan Sanderson,female,200,FALSE,1.3
514,Bree Landy,female,NA,FALSE,0.1
515,James Cutney,male,200,TRUE,3.2
516,John Smith,male,300,FALSE,4.3
517,Susan Sanderson,female,200,FALSE,1.3
518,Bree Landy,female,NA,FALSE,0.1
519,James Cutney,male,200,TRUE,3.2
520,John Smith,male,300,FALSE,4.3
521,Susan Sanderson,female,200,FALSE,1.3
522,Bree Landy,female,NA,FALSE,0.1
523,James Cutney,male,200,TRUE,3.2
524,John Smith,male,300,FALSE,4.3
525,Susan Sanderson,female,200,FALSE,1.3
526,Bree Landy,female,NA,FALSE,0.1
527,James Cutney,male,200,TRUE,3.2
528,John Smith,male,300,FALSE,4.3
529,Susan Sanderson,female,200,FALSE,1.3
530,Bree Landy,female,NA,FALSE,0.1
531,James Cutney,male,200,TRUE,3.2
532,John Smith,male,300,FALSE,4.3
533,Susan Sanderson,female,200,FALSE,1.3
534,Bree Landy,female,NA,FALSE,0.1
535,James Cutney,male,200,TRUE,3.2
536,John Smith,male,300,FALSE,4.3
537,Susan Sanderson,female,200,FALSE,1.3
538,Bree Landy,female,NA,FALSE,0.1
539,James Cutney,male,200,TRUE,3.2
540,John Smith,male,300,FALSE,4.3
541,Susan Sanderson,female,200,FALSE,1.3
542,Bree Landy,female,NA,FALSE,0.1
543,James Cutney,male,200,TRUE,3.2
544,John Smith,male,300,FALSE,4.3
545,Susan Sanderson,female,200,FALSE,1.3
546,Bree Landy,female,NA,FALSE,0.1
547,James Cutney,male,200,TRUE,3.2
548,John Smith,male,300,FALSE,4.3
549,Susan Sanderson,female,200,FALSE,1.3
550,Bree Landy,female,NA,FALSE,0.1
551,James Cutney,male,200,TRUE,3.2
552,John Smith,male,300,FALSE,4.3
553,Susan Sanderson,female,200,FALSE,1.3
554,Bree Landy,female,NA,FALSE,0.1
555,James Cutney,male,200,TRUE,3.2
556,John Smith,male,300,FALSE,4.3
557,Susan Sanderson,female,200,FALSE,1.3
558,Bree Landy,female,NA,FALSE,0.1
559,James Cutney,male,200,TRUE,3.2
560,John Smith,male,300,FALSE,4.3
561,Susan Sanderson,female,200,FALSE,1.3
562,Bree Landy,female,NA,FALSE,0.1
563,James Cutney,male,200,TRUE,3.2
564,John Smith,male,300,FALSE,4.3
565,Susan Sanderson,female,200,FALSE,1.3
566,Bree Landy,female,NA,FALSE,0.1
567,James Cutney,male,200,TRUE,3.2
568,John Smith,male,300,FALSE,4.3
569,Susan Sanderson,female,200,FALSE,1.3
570,Bree Landy,female,NA,FALSE,0.1
571,James Cutney,male,200,TRUE,3.2
572,John Smith,male,300,FALSE,4.3
573,Susan Sanderson,female,200,FALSE,1.3
574,Bree Landy,female,NA,FALSE,0.1
575,James Cutney,male,200,TRUE,3.2
576,John Smith,male,300,FALSE,4.3
577,Susan Sanderson,female,200,FALSE,1.3
578,Bree Landy,female,NA,FALSE,0.1
579,James Cutney,male,200,TRUE,3.2
580,John Smith,male,300,FALSE,4.3
581,Susan Sanderson,female,200,FALSE,1.3
582,Bree Landy,female,NA,FALSE,0.1
583,James Cutney,male,200,TRUE,3.2
584,John Smith,male,300,FALSE,4.3
585,Susan Sanderson,female,200,FALSE,1.3
586,Bree Landy,female,NA,FALSE,0.1
587,James Cutney,male,200,TRUE,3.2
588,John Smith,male,300,FALSE,4.3
589,Susan Sanderson,female,200,FALSE,1.3
590,Bree Landy,female,NA,FALSE,0.1
591,James Cutney,male,200,TRUE,3.2
592,John Smith,male,300,FALSE,4.3
593,Susan Sanderson,female,200,FALSE,1.3
594,Bree Landy,female,NA,FALSE,0.1
595,James Cutney,male,200,TRUE,3.2
596,John Smith,male,300,FALSE,4.3
597,Susan Sanderson,female,200,FALSE,1.3
598,Bree Landy,female,NA,FALSE,0.1
599,James Cutney,male,200,TRUE,3.2
600,John Smith,male,300,FALSE,4.3
601,Susan Sanderson,female,200,FALSE,1.3
602,Bree Landy,female,NA,FALSE,0.1
603,James Cutney,male,200,TRUE,3.2
604,John Smith,male,300,FALSE,4.3
605,Susan Sanderson,female,200,FALSE,1.3
606,Bree Landy,female,NA,FALSE,0.1
607,James Cutney,male,200,TRUE,3.2
608,John Smith,male,300,FALSE,4.3
609,Susan Sanderson,female,200,FALSE,1.3
610,Bree Landy,female,NA,FALSE,0.1
611,James Cutney,male,200,TRUE,3.2
612,John Smith,male,300,FALSE,4.3
613,Susan Sanderson,female,200,FALSE,1.3
614,Bree Landy,female,NA,FALSE,0.1
615,James Cutney,male,200,TRUE,3.2
616,John Smith,male,300,FALSE,4.3
617,Susan Sanderson,female,200,FALSE,1.3
618,Bree Landy,female,NA,FALSE,0.1
619,James Cutney,male,200,TRUE,3.2
620,John Smith,male,300,FALSE,4.3
621,Susan Sanderson,female,200,FALSE,1.3
622,Bree Landy,female,NA,FALSE,0.1
623,James Cutney,male,200,TRUE,3.2
624,John Smith,male,300,FALSE,4.3
625,Susan Sanderson,female,200,FALSE,1.3
626,Bree Landy,female,NA,FALSE,0.1
627,James Cutney,male,200,TRUE,3.2
628,John Smith,male,300,FALSE,4.3
629,Susan Sanderson,female,200,FALSE,1.3
630,Bree Landy,female,NA,FALSE,0.1
631,James Cutney,male,200,TRUE,3.2
632,John Smith,male,300,FALSE,4.3
633,Susan Sanderson,female,200,FALSE,1.3
634,Bree Landy,female,NA,FALSE,0.1
635,James Cutney,male,200,TRUE,3.2
636,John Smith,male,300,FALSE,4.3
637,Susan Sanderson,female,200,FALSE,1.3
638,Bree Landy,female,NA,FALSE,0.1
639,James Cutney,male,200,TRUE,3.2
640,John Smith,male,300,FALSE,4.3
641,Susan Sanderson,female,200,FALSE,1.3
642,Bree Landy,female,NA,FALSE,0.1
643,James Cutney,male,200,TRUE,3.2
644,John Smith,male,300,FALSE,4.3
645,Susan Sanderson,female,200,FALSE,1.3
646,Bree Landy,female,NA,FALSE,0.1
647,James Cutney,male,200,TRUE,3.2
648,John Smith,male,300,FALSE,4.3
649,Susan Sanderson,female,200,FALSE,1.3
650,Bree Landy,female,NA,FALSE,0.1
651,James Cutney,male,200,TRUE,3.2
652,John Smith,male,300,FALSE,4.3
653,Susan Sanderson,female,200,FALSE,1.3
654,Bree Landy,female,NA,FALSE,0.1
655,James Cutney,male,200,TRUE,3.2
656,John Smith,male,300,FALSE,4.3
657,Susan Sanderson,female,200,FALSE,1.3
658,Bree Landy,female,NA,FALSE,0.1
659,James Cutney,male,200,TRUE,3.2
660,John Smith,male,300,FALSE,4.3
661,Susan Sanderson,female,200,FALSE,1.3
662,Bree Landy,female,NA,FALSE,0.1
663,James Cutney,male,200,TRUE,3.2
664,John Smith,male,300,FALSE,4.3
665,Susan Sanderson,female,200,FALSE,1.3
666,Bree Landy,female,NA,FALSE,0.1
667,James Cutney,male,200,TRUE,3.2
668,John Smith,male,300,FALSE,4.3
669,Susan Sanderson,female,200,FALSE,1.3
670,Bree Landy,female,NA,FALSE,0.1
671,James Cutney,male,200,TRUE,3.2
672,John Smith,male,300,FALSE,4.3
673,Susan Sanderson,female,200,FALSE,1.3
674,Bree Landy,female,NA,FALSE,0.1
675,James Cutney,male,200,TRUE,3.2
676,John Smith,male,300,FALSE,4.3
677,Susan Sanderson,female,200,FALSE,1.3
678,Bree Landy,female,NA,FALSE,0.1
679,James Cutney,male,200,TRUE,3.2
680,John Smith,male,300,FALSE,4.3
681,Susan Sanderson,female,200,FALSE,1.3
682,Bree Landy,female,NA,FALSE,0.1
683,James Cutney,male,200,TRUE,3.2
684,John Smith,male,300,FALSE,4.3
685,Susan Sanderson,female,200,FALSE,1.3
686,Bree Landy,female,NA,FALSE,0.1
687,James Cutney,male,200,TRUE,3.2
688,John Smith,male,300,FALSE,4.3
689,Susan Sanderson,female,200,FALSE,1.3
690,Bree Landy,female,NA,FALSE,0.1
691,James Cutney,male,200,TRUE,3.2
692,John Smith,male,300,FALSE,4.3
693,Susan Sanderson,female,200,FALSE,1.3
694,Bree Landy,female,NA,FALSE,0.1
695,James Cutney,male,200,TRUE,3.2
696,John Smith,male,300,FALSE,4.3
697,Susan Sanderson,female,200,FALSE,1.3
698,Bree Landy,female,NA,FALSE,0.1
699,James Cutney,male,200,TRUE,3.2
700,John Smith,male,300,FALSE,4.3
701,Susan Sanderson,female,200,FALSE,1.3
702,Bree Landy,female,NA,FALSE,0.1
703,James Cutney,male,200,TRUE,3.2
704,John Smith,male,300,FALSE,4.3
705,Susan Sanderson,female,200,FALSE,1.3
706,Bree Landy,female,NA,FALSE,0.1
707,James Cutney,male,200,TRUE,3.2
708,John Smith,male,300,FALSE,4.3
709,Susan Sanderson,female,200,FALSE,1.3
710,Bree Landy,female,NA,FALSE,0.1
711,James Cutney,male,200,TRUE,3.2
712,John Smith,male,300,FALSE,4.3
713,Susan Sanderson,female,200,FALSE,1.3
714,Bree Landy,female,NA,FALSE,0.1
715,James Cutney,male,200,TRUE,3.2
716,John Smith,male,300,FALSE,4.3
717,Susan Sanderson,female,200,FALSE,1.3
718,Bree Landy,female,NA,FALSE,0.1
719,James Cutney,male,200,TRUE,3.2
720,John Smith,male,300,FALSE,4.3
721,Susan Sanderson,female,200,FALSE,1.3
722,Bree Landy,female,NA,FALSE,0.1
723,James Cutney,male,200,TRUE,3.2
724,John Smith,male,300,FALSE,4.3
725,Susan Sanderson,female,200,FALSE,1.3
726,Bree Landy,female,NA,FALSE,0.1
727,James Cutney,male,200,TRUE,3.2
728,John Smith,male,300,FALSE,4.3
729,Susan Sanderson,female,200,FALSE,1.3
730,Bree Landy,female,NA,FALSE,0.1
731,James Cutney,male,200,TRUE,3.2
732,John Smith,male,300,FALSE,4.3
733,Susan Sanderson,female,200,FALSE,1.3
734,Bree Landy,female,NA,FALSE,0.1
735,James Cutney,male,200,TRUE,3.2
736,John Smith,male,300,FALSE,4.3
737,Susan Sanderson,female,200,FALSE,1.3
738,Bree Landy,female,NA,FALSE,0.1
739,James Cutney,male,200,TRUE,3.2
740,John Smith,male,300,FALSE,4.3
741,Susan Sanderson,female,200,FALSE,1.3
742,Bree Landy,female,NA,FALSE,0.1
743,James Cutney,male,200,TRUE,3.2
744,John Smith,male,300,FALSE,4.3
745,Susan Sanderson,female,200,FALSE,1.3
746,Bree Landy,female,NA,FALSE,0.1
747,James Cutney,male,200,TRUE,3.2
748,John Smith,male,300,FALSE,4.3
749,Susan Sanderson,female,200,FALSE,1.3
750,Bree Landy,female,NA,FALSE,0.1
751,James Cutney,male,200,TRUE,3.2
752,John Smith,male,300,FALSE,4.3
753,Susan Sanderson,female,200,FALSE,1.3
754,Bree Landy,female,NA,FALSE,0.1
755,James Cutney,male,200,TRUE,3.2
756,John Smith,male,300,FALSE,4.3
757,Susan Sanderson,female,200,FALSE,1.3
758,Bree Landy,female,NA,FALSE,0.1
759,James Cutney,male,200,TRUE,3.2
760,John Smith,male,300,FALSE,4.3
761,Susan Sanderson,female,200,FALSE,1.3
762,Bree Landy,female,NA,FALSE,0.1
763,James Cutney,male,200,TRUE,3.2
764,John Smith,male,300,FALSE,4.3
765,Susan Sanderson,female,200,FALSE,1.3
766,Bree Landy,female,NA,FALSE,0.1
767,James Cutney,male,200,TRUE,3.2
768,John Smith,male,300,FALSE,4.3
769,Susan Sanderson,female,200,FALSE,1.3
770,Bree Landy,female,NA,FALSE,0.1
771,James Cutney,male,200,TRUE,3.2
772,John Smith,male,300,FALSE,4.3
773,Susan Sanderson,female,200,FALSE,1.3
774,Bree Landy,female,NA,FALSE,0.1
775,James Cutney,male,200,TRUE,3.2
776,John Smith,male,300,FALSE,4.3
777,Susan Sanderson,female,200,FALSE,1.3
778,Bree Landy,female,NA,FALSE,0.1
779,James Cutney,male,200,TRUE,3.2
780,John Smith,male,300,FALSE,4.3
781,Susan Sanderson,female,200,FALSE,1.3
782,Bree Landy,female,NA,FALSE,0.1
783,James Cutney,male,200,TRUE,3.2
784,John Smith,male,300,FALSE,4.3
785,Susan Sanderson,female,200,FALSE,1.3
786,Bree Landy,female,NA,FALSE,0.1
787,James Cutney,male,200,TRUE,3.2
788,John Smith,male,300,FALSE,4.3
789,Susan Sanderson,female,200,FALSE,1.3
790,Bree Landy,female,NA,FALSE,0.1
791,James Cutney,male,200,TRUE,3.2
792,John Smith,male,300,FALSE,4.3
793,Susan Sanderson,female,200,FALSE,1.3
794,Bree Landy,female,NA,FALSE,0.1
795,James Cutney,male,200,TRUE,3.2
796,John Smith,male,300,FALSE,4.3
797,Susan Sanderson,female,200,FALSE,1.3
798,Bree Landy,female,NA,FALSE,0.1
799,Kelly Smith,female,404,FALSE,2